{"proxies":{"com.geraudbourdin.svgview.ViewProxy":{"superPackageName":"org.appcelerator.titanium.proxy","dynamicProperties":{"image":{"set":true,"nativeConverter":"org.appcelerator.kroll.KrollConverter","setMethodName":"setImage","setMethodArgs":[{"converter":"org.appcelerator.kroll.KrollConverter","defaultValueProvider":"org.appcelerator.kroll.KrollConverter","name":"val","sourceName":"val","type":"java.lang.String"}],"getMethodName":"getImage","setDefaultProviders":["org.appcelerator.kroll.KrollConverter"],"converter":"org.appcelerator.kroll.KrollConverter","defaultValueProvider":"org.appcelerator.kroll.KrollConverter","retain":true,"javascriptConverter":"org.appcelerator.kroll.KrollConverter","getHasInvocation":false,"runOnUiThread":false,"getMethodArgs":[],"getReturnType":"java.lang.String","setReturnType":"void","get":true,"name":"image","setHasInvocation":false,"getDefaultProviders":[]}},"methods":{"getImage":{"runOnUiThread":false,"hasInvocation":false,"args":[],"apiName":"getImage","converter":"org.appcelerator.kroll.KrollConverter","defaultValueProvider":"org.appcelerator.kroll.KrollConverter","name":"__default_name__","returnType":"java.lang.String"},"setImage":{"runOnUiThread":false,"hasInvocation":false,"args":[{"converter":"org.appcelerator.kroll.KrollConverter","defaultValueProvider":"org.appcelerator.kroll.KrollConverter","name":"val","sourceName":"val","type":"java.lang.String"}],"apiName":"setImage","converter":"org.appcelerator.kroll.KrollConverter","defaultValueProvider":"org.appcelerator.kroll.KrollConverter","name":"__default_name__","returnType":"void"}},"superProxyBindingClassName":"org.appcelerator.titanium.proxy.TiViewProxyBindingGen","proxyClassName":"ViewProxy","proxyAttrs":{"propertyAccessors":[],"fullAPIName":"SvgView.View","name":"View","proxyClassName":"com.geraudbourdin.svgview.ViewProxy","isTopLevel":false,"id":"com.geraudbourdin.svgview.ViewProxy","creatableInModule":"com.geraudbourdin.svgview.SvgViewModule","parentModule":"org.appcelerator.kroll.annotations.Kroll.DEFAULT"},"packageName":"com.geraudbourdin.svgview","sourceName":"com.geraudbourdin.svgview.ViewProxyBindingGen","superProxyClassName":"TiViewProxy","isModule":false,"genClassName":"ViewProxyBindingGen"},"com.geraudbourdin.svgview.SvgViewModule":{"superPackageName":"org.appcelerator.kroll","superProxyBindingClassName":"org.appcelerator.kroll.KrollModuleBindingGen","proxyClassName":"SvgViewModule","proxyAttrs":{"propertyAccessors":[],"fullAPIName":"SvgView","name":"SvgView","proxyClassName":"com.geraudbourdin.svgview.SvgViewModule","isTopLevel":false,"id":"com.geraudbourdin.svgview"},"packageName":"com.geraudbourdin.svgview","sourceName":"com.geraudbourdin.svgview.SvgViewModuleBindingGen","superProxyClassName":"KrollModule","isModule":true,"genClassName":"SvgViewModuleBindingGen","onAppCreate":"onAppCreate"}},"modules":{"com.geraudbourdin.svgview.SvgViewModule":{"apiName":"SvgView","createProxies":[{"propertyAccessors":[],"fullAPIName":"SvgView.View","name":"View","proxyClassName":"com.geraudbourdin.svgview.ViewProxy","isTopLevel":false,"id":"com.geraudbourdin.svgview.ViewProxy","creatableInModule":"com.geraudbourdin.svgview.SvgViewModule","parentModule":"org.appcelerator.kroll.annotations.Kroll.DEFAULT"}]}}}